Cluster_3,Total Purchase Amount,Returns,Age
0,2533.8564508506615,1.0,30.825240233144296
1,2920.6165849754925,1.0,57.22518755626688
2,2725.1462296707787,0.0,43.95401759688001
