Cluster_4,Total Purchase Amount,Returns,Age
0,2536.179443744091,1.0,30.817030412858493
1,2918.134197316054,1.0,57.22507549849003
2,1480.2685835910204,0.0,42.562440598101816
3,3972.94698636754,0.0,45.34886217260627
